username,role
aabaris,member
accorvin,member
admiyo,member
ajamias,member
akcoskun,member
albrika,member
alexknobel,member
alina-oprea,member
aliraza0337,member
amzjctuan,member
anand1231,member
AndreasVoellmy,member
anisa93,member
anqianqi1,member
apoorvemohan,member
arashnh11,member
asanaullah,member
ataturk,member
Bestavros,member
betaredex,member
bu-renm,member
canetti,member
cecchet,member
christophernhill,member
computate,member
culbert,member
curiouslarry,member
dagroh,member
DanNiESh,member
danwichs,member
davecohn,member
dbrletic,member
derekhiggins,member
dkaeli,member
dschatzberg,member
dwinchell,member
dystewart,member
Effygal,member
ekaynar,member
EldritchJS,member
er1p,member
EricChen1248,member
erwangranger,member
etnir,member
Fernand-Francur,member
fvukelic,member
gagansk,member
gc00,member
gkollios,member
glenn-bu,member
gmantica,member
goldbe,member
gshipman,member
gweldon56,member
gwollman,member
hajkazemi,member
hakasapl,admin
hmccanne,member
hodamaleki,member
hpdempsey,admin
husky-parul,member
HuzefaMandvi,member
ianballou,member
idanlv,member
ipolonsk,member
IsaacKhor,member
IsaiahStapleton,member
jappavoo,member
jdtzmn,member
jeremyfreudberg,member
jetwhiz,member
jfontecchio,member
jhurlocker,member
jimmysway,member
j-k-y,member
jlarsen31,member
joachimweyl,admin
jon-proulx,member
jon-stumpf,member
jstacy28,member
jtriley,member
jtvhoffman,member
jwbyers,member
j-whitt,member
KelvinLinBU,member
kkrudolph,member
knikolla,admin
kyguy,member
lallmon,member
langdon,member
larsks,admin
larsks-puppet,member
ljmcgann,member
lkatalin,member
maniaabdi,member
marcoagonzales007,member
margarethaley,member
margoseltzer,member
martenvdijk,member
matsuuran,member
maulikjs,member
memalhot,member
mikezink,member
milesbeyond,member
Milstein,member
mnbatra,member
moc-gh-bot,admin
moc-puppet-agent,member
mosayyebzadeh,member
msdisme,admin
mvaria,member
nabilschear,member
naghceuz,member
naved001,admin
neclinton,member
nikatbu,member
nirubicone,member
ohpcsim,member
okrieg,admin
ooichman,member
osresearch,member
phpHavok,member
pjd-nu,admin
pkhander,member
QuanMPhm,member
razaaliraza,member
rbraby,member
rfonseca,member
rlaskey,member
Rmaabari,member
RobinKaul,member
rpitkin-bu,member
RS1999ent,member
rstahl-rh,member
SahilTikale,member
schwesig,member
shenoy1,member
shiranian,member
sinashan,member
sjug,member
skanthed,member
sleviim,member
stavingmerlin,member
sumatra-dhimoyee,member
syedmohdqasim,member
syockel,member
taramoran,member
thenaggster,member
tnadeau,member
trtiwari,member
tsamtsam,member
tssala23,member
tzumainn,member
waygil,member
YonatanGolick,member
zaoxing,member
zeldovich,member
